<?xml version="1.0" encoding="UTF-8"?>
<manifest xmlns="http://www.imsglobal.org/xsd/imscp_v1p1" xmlns:lom="http://ltsc.ieee.org/xsd/LOM" xmlns:xsi="http://www.w3.org/2001/XMLSchema-instance" xmlns:adlcp="http://www.adlnet.org/xsd/adlcp_v1p3" xmlns:imsss="http://www.imsglobal.org/xsd/imsss" xmlns:adlseq="http://www.adlnet.org/xsd/adlseq_v1p3" xmlns:adlnav="http://www.adlnet.org/xsd/adlnav_v1p3" identifier="SLK_SAMPLE_SOLITAIRE" xsi:schemaLocation="http://www.imsglobal.org/xsd/imscp_v1p1 imscp_v1p1.xsd http://www.adlnet.org/xsd/adlcp_v1p3 adlcp_v1p3.xsd http://www.imsglobal.org/xsd/imsss imsss_v1p0.xsd http://ltsc.ieee.org/xsd/LOM lom.xsd http://www.adlnet.org/xsd/adlseq_v1p3 adlseq_v1p3.xsd http://www.adlnet.org/xsd/adlnav_v1p3 adlnav_v1p3.xsd" version="1.3">
    <metadata>
        <schema>ADL SCORM</schema>
        <schemaversion>CAM 1.3</schemaversion>
        <lom:lom>
	      <lom:general>
	        <lom:title>
	          <lom:string language="ru">The Basics of Solitaire</lom:string>
	        </lom:title>
	        <lom:description>
	          <lom:string>This course teaches the basics of solitaire and how to play two of the most popular versions of the game, Canfield and Klondike solitaire.</lom:string>
	        </lom:description>
	        <lom:keyword>
	          <lom:string>Solitaire</lom:string>
	        </lom:keyword>
	        <lom:keyword>
	          <lom:string>Card Games</lom:string>
	        </lom:keyword>
	        <lom:keyword>
	          <lom:string>Computer Games</lom:string>
	        </lom:keyword>
	      </lom:general>
	      <lom:metaMetadata>
	      		<lom:metadataSchema>LOMv1.0</lom:metadataSchema>
	      		<lom:metadataSchema>SCORM_CAM_v1.3</lom:metadataSchema>
	      </lom:metaMetadata>
	    </lom:lom>
    </metadata>
    <organizations default="test">
        <organization identifier="test" >
            <title>Scorm Test</title>
            <item identifier="WELCOME" identifierref="WELCOME_REF">
                <title>First</title>
            <imsss:sequencing>
	<imsss:deliveryControls completionSetByContent="true" objectiveSetByContent="true"/>
            </imsss:sequencing>
            </item>
            <imsss:sequencing>
                <imsss:controlMode choice="true" flow="true" />
            </imsss:sequencing>
        </organization>
    </organizations>
    <resources>
        <resource identifier="WELCOME_REF" adlcp:scormType="sco" type="webcontent" href="test.html">
            <file href="test.html" />
        </resource>
    </resources>
</manifest>

